no,cex,chain,nama_token,ticker,sc,decimals,feeWD,trade,deposit,withdraw,price
1,BINANCE,polygon,The Sandbox,SAND,0xbbba073c31bf03b8acf7c28ef0738decf3695683,18,0.024,ON,true,true,0.2753
2,BINANCE,polygon,Rupiah Token,IDRT,0x554cd6bdd03214b10aafa3e0d4d42de0c5d2937b,6,104,OFF,false,true,
3,BINANCE,polygon,WazirX,WRXOLD,0x72d6066f486bd0052eefb9114b66ae40e0a6031a,8,0.51,OFF,false,false,
4,BINANCE,polygon,QuickSwap,QUICK,0xb5c064f955d8e7f38fe0460c556a72987494ee17,18,0.25,ON,true,true,0.02617
5,BINANCE,polygon,BUSD,BUSD,0x9c9e5fd8bbc25984b178fdce6117defa39d2db39,18,0.0064,ON,true,false,1.0003
6,BINANCE,polygon,Stargate Finance,STG,0x2f6f07cdcf3588944bf4c42ac74ff24bf56e7590,18,0.041,ON,true,true,0.1579
7,BINANCE,polygon,QuickSwap,QUICKOLD,0x831753dd7087cac61ab5644b308642cc1c33dc13,18,0,OFF,true,false,
8,BINANCE,polygon,Synapse,SYN,0xf8f9efc0db77d8881500bb06ff5d6abc3070e695,18,0.054,ON,true,true,0.1189
9,BINANCE,polygon,Nexo,NEXO,0x41b3966b4ff7b427969ddf5da3627d6aeae9a48e,18,0.0051,ON,true,true,1.26
10,BINANCE,polygon,OokiDAO,OOKI,0xcd150b1f528f326f5194c012f32eb30135c7c2c9,18,6389,ON,false,true,0.000119
11,BINANCE,polygon,KyberNetwork,KNC,0x1c954e8fe737f99f68fa1ccda3e51ebdb291948c,18,0.018,ON,true,true,0.3683
12,BINANCE,polygon,TetherUS,USDT,0xc2132d05d31c914a87c6611c10748aeb04b58e8f,6,0.0064,OFF,true,true,
13,BINANCE,polygon,USDC,USDC,0x3c499c542cef5e3811e1192ce70d8cc03d5c3359,6,0.0064,ON,true,true,0.9999
14,BINANCE,polygon,Bridged USDC,MATICUSDCE,0x2791bca1f2de4661ed88a30c99a7a9449aa84174,6,0.0064,OFF,true,true,
15,BINANCE,polygon,LayerZero,ZRO,0x6985884c4392d348587b19cb9eaaf157f13271cd,18,0.0035,ON,true,true,1.823
16,BINANCE,polygon,Green Metaverse Token,GMT,0x714db550b574b3e927af3d93e26127d15721d4c2,8,0.16,ON,true,true,0.041
17,BINANCE,polygon,Gains Network,GNS,0xe5417af564e4bfda1c483642db72007871397896,18,0.003,ON,true,true,2.188
18,BINANCE,polygon,Vanar,VANRY,0x8de5b80a0c1b02fe4976851d030b36122dbb8624,18,0.24,ON,true,true,0.0265
19,BINANCE,polygon,The Graph,GRT,0x5fe2b58c013d7601147dcdd68c143a77499f5531,18,0.073,ON,true,true,0.0881
20,BINANCE,polygon,Voxies,VOXEL,0xd0258a3fd00f38aa8090dfee343f10a9d4d30d3f,18,0.12,ON,true,true,0.0552
21,BINANCE,polygon,Polygon Ecosystem Token,POL,0x0000000000000000000000000000000000001010,18,0.023,ON,true,true,0.2857
22,BINANCE,polygon,Polymesh,POLYX,,,5,ON,true,true,0.1276
23,BINANCE,polygon,Axelar,AXL,0x6e4e624106cb12e168e6533f8ec7c82263358940,6,0.022,ON,true,true,0.3035
24,BINANCE,polygon,Aavegotchi,GHST,0x385eeac5cb85a38a9a07a70c73e0a3271cfb54a7,18,0.015,ON,true,true,0.435
25,BINANCE,polygon,Vulcan Forged PYR,PYR,0x430ef9263e76dae63c84292c3409d61c598e9682,18,0.0064,ON,true,true,1.019
26,BINANCE,polygon,Dai,DAI,0x8f3cf7ad23cd3cadbd9735aff958023239c6a063,18,0.0064,ON,true,true,0
27,BINANCE,polygon,Streamr,DATA,0x3a9a81d576d83ff21f26f325066054540720fc34,18,0.41,ON,true,true,0.01551
28,MEXC,polygon,Sunflower Farm,SFF,0xdf9b4b57865b403e08c85568442f95c26b7896b0,18,0,OFF,false,true,
29,MEXC,polygon,SRCGAME,SGM,0x5332d2B3Bb62035566b24E987BD58C0715714E27,18,0,OFF,false,true,
30,MEXC,polygon,Reental,REENTAL,0x27Ab6E82F3458eDbC0703DB2756391B899Ce6324,18,5,ON,true,true,0.1753
31,MEXC,polygon,yPredict,YPRED,0xdFaF2680239d678d9551669727b93b62Ad0D18Cc,18,10,OFF,false,true,
32,MEXC,polygon,Wirex Pay,WPAY,0x7ABE9Edf5C544A04dA83e9110CF46DBC4759170c,18,0,OFF,false,true,
33,MEXC,polygon,SKY Play,SKP,0x4c665BBafd28Ec9e5D792345f470ebFcA21E3d15,18,150,OFF,false,true,
34,MEXC,polygon,SKX,SKX,0xa9a8eeD4c7B91de6d6D2a6B2D21300ec162b1375,18,0.4,ON,true,true,0.47381
35,MEXC,polygon,OneRare,ORARE,0xff2382bd52efacef02cc895bcbfc4618608aa56f,18,0,OFF,false,true,
36,MEXC,polygon,Smell Token,SML,0xfCB54Da3F4193435184F3F647467e12b50754575,8,50,ON,true,true,0.0002078
37,MEXC,polygon,StrongNode Edge,SNE,0x32934CB16DA43fd661116468c1B225Fc26CF9A8c,18,0,OFF,false,true,
38,MEXC,polygon,Monsoon Finance,MCASH,0xa25610a77077390a75ad9072a084c5fbc7d43a0d,18,0,OFF,false,true,
39,MEXC,polygon,BIFROST-POLKADOT,BNC,,,0.4,ON,true,true,0.10166
40,MEXC,polygon,Active Token,ACTIVE,0xd9a9B4d466747E1Ebcb7aEb42784452F40452367,18,0,OFF,false,true,
41,MEXC,polygon,Forest Knight,KNIGHTOLD,0x4455eF8B4B4A007a93DaA12DE63a47EEAC700D9D,18,0,OFF,false,true,
42,MEXC,polygon,Tradeleaf,TLFOLD,0x0F8Db146eC1288FC35C05e3b78c2F27d3fA7c4a5,6,10,OFF,false,false,
43,MEXC,polygon,Carrieverse,CVTX,0x40F97Ec376aC1c503E755433BF57f21e3a49f440,18,0,OFF,false,true,
44,MEXC,polygon,SUPERTRUST,SUT,0x98965474EcBeC2F532F1f780ee37b0b05F77Ca55,18,0.2,ON,true,true,13.296
45,MEXC,polygon,BuildUp,BUP,0xa32BbbD1B91830Af32432e2d9c060C0E45F5c981,18,0,OFF,false,true,
46,MEXC,polygon,Sailwars,SWT,0x1c356b463ce3E46CF494F5fdD2172bDffe5C688D,18,100,OFF,false,true,
47,MEXC,polygon,Zbyte,DPLAT,0xbe7702Dc9c3fB80B96B7AD894cC012f6405E54ce,18,0,OFF,false,true,
48,MEXC,polygon,BITCOINX,BXC,0x05f52cc483c50C2a7E25a13DAc17D736Fa50F259,18,0,OFF,false,true,
49,MEXC,polygon,Cobak Token,CBK,0x4EC203dD0699Fac6adAF483CDd2519BC05D2c573,18,0.2,OFF,true,true,
50,MEXC,polygon,Credit Check Coin,CCC,0x0907B8B13970DF091ECc9d4d4c7AE12A599Ad923,18,0,OFF,false,true,
51,MEXC,polygon,Telcoin,TEL,0xdF7837DE1F2Fa4631D716CF2502f8b230F1dcc32,2,20,ON,true,true,0.004976
52,MEXC,polygon,FoodChain Global,FOOD,0x6F06e6beD64cF4c4187c06Ee2a4732f6a171BC4e,18,0,OFF,false,true,
53,MEXC,polygon,Non-Fungible History,NFH2,0x92FbB3D0484Fb3fe14081012596ECFCE9A36040e,18,100,OFF,false,false,
54,MEXC,polygon,UFORIKA,FORA,0x081c280cD5C1c934DbAfc97A2aB2e596FfE7DFC4,18,0,OFF,true,true,
55,MEXC,polygon,The Realm Defenders,TRD,0x2a1f0ad3cab040e28845734d932f3ff0a24b14f4,18,0,OFF,false,true,
56,MEXC,polygon,Blockchain Monster,BCMC,0xc10358f062663448a3489fC258139944534592ac,18,0,OFF,false,true,
57,MEXC,polygon,MCH RAYS,RAYS,0x2d027e55b85429e9f205930a8aff6d8e6c8c3021,18,1,OFF,false,false,
58,MEXC,polygon,CryptoTradingFund,CTF,0x7B3bD12675c6B9d6993eB81283cb68E6eB9260b5,18,0.2,ON,true,true,0.2023
59,MEXC,polygon,Seamans tec,SEAT,0xc79FC2885e207E1C4cc69Cf94402DD1a5642452e,18,0,OFF,false,true,
60,MEXC,polygon,Bounty Temple,TYT,0xE5cf781d9e6E92B051FFb8037a5d81981863EA82,18,0.5,OFF,true,true,
61,MEXC,polygon,ZIZY,ZIZY,0xAf3CbaeBA9fe7A7d4E7531F1B2553972FD1c4E9c,8,0,OFF,false,true,
62,MEXC,polygon,bitsCrunch,BCUT,0x3fb83A9A2c4408909c058b0BfE5B4823f54fAfE2,18,1,ON,true,true,0.01493
63,MEXC,polygon,GIB,GIBOLD,0x3EFcD659b7A45D14DDA8A102836ce4b765C42324,18,0,OFF,false,false,
64,MEXC,polygon,UBU,UBU,0x78445485A8d5b3BE765e3027bc336e3c272a23c9,18,10,OFF,true,true,
65,MEXC,polygon,UC Finance,UCF,0x315B16BFc91BD6c5d9054f961938b924c7dA4964,18,0,OFF,false,true,
66,MEXC,polygon,Archethic,UCO,0xaa53B93608C88EE55fAD8db4C504Fa20E52642aD,8,0,OFF,false,true,
67,MEXC,polygon,Wombat,WOMBAT,0x0C9c7712C83B3C70e7c5E11100D33D9401BdF9dd,18,0,OFF,false,true,
68,MEXC,polygon,EMG SuperApp,EMGS,0xA0aF9f13e067562AaE8E52a5Fb6A74FebfCF7D41,18,0,OFF,false,true,
69,MEXC,polygon,DED,DED,30,,0,OFF,false,true,
70,MEXC,polygon,Krida Fan,KRIDA,0x3c5a5885f6ee4acc2597069fe3c19f49c6efba96,18,0,OFF,false,true,
71,MEXC,polygon,Blood Crystal,BC,0xFe049F59963545bF5469f968E04C9646D6e2C2c5,18,0,OFF,false,true,
72,MEXC,polygon,Decentral Games,DG,0xef938b6da8576a896f6E0321ef80996F4890f9c4,18,1.8,OFF,false,false,
73,MEXC,polygon,Ethermon,EMON,0xd6a5ab46ead26f49b03bbb1f9eb1ad5c1767974a,18,0,OFF,false,true,
74,MEXC,polygon,Dragoma,DMA,0x16DFb898cf7029303c2376031392cb9baC450f94,18,0,OFF,false,true,
75,MEXC,polygon,Grindery,GX,0x8730762Cad4a27816A467fAc54e3dd1E2e9617A1,18,25,OFF,true,true,
76,MEXC,polygon,Starter,START,0x6ccf12b480a99c54b23647c995f4525d544a7e72,18,0,OFF,false,true,
77,MEXC,polygon,UpOnly,UPO,0x9dBfc1cbf7a1E711503a29B4b5F9130ebeCcaC96,18,2.5,ON,true,true,0.00553
78,MEXC,polygon,Polkadot,DOT,,,0.1,ON,true,true,3.789
79,MEXC,polygon,DinoSwap,DINOOLD,0xaa9654becca45b5bdfa5ac646c939c62b527d394,18,0,OFF,false,false,
80,MEXC,polygon,MT TOWER,MT,0x0Da6A7a0A2E7525950204Bb2C511E47a52235B17,18,0,OFF,false,true,
81,MEXC,polygon,GensoKishi Metaverse,MV,0xA3c322Ad15218fBFAEd26bA7f616249f7705D945,18,0,OFF,false,true,
82,MEXC,polygon,Mirror World Network,MW,0xDd098F8F2c2D4daeEfDABA441dbcd79bE5F4cD38,18,0,OFF,false,true,
83,MEXC,polygon,Drive To Earn,DTE,0xA9806851eB87aD27E8d75660CEC2FE6297F92a59,18,5,OFF,false,true,
84,MEXC,polygon,Mint Marble,MIMOLD,0xA12566Dd315B1419e7B9F5f4E5559a7E7E48Db22,18,0.1,OFF,false,false,
85,MEXC,polygon,AROS,AROS,0x8f06b876a74453dcae61954A4E8b4309B662461b,18,50,OFF,false,true,
86,MEXC,polygon,Burp,BURP,0x538D47D142F6993038a667E9D6210d3735749B36,18,0,OFF,true,false,
87,MEXC,polygon,DUX,DUX,0x623EBdA5fc6B271DD597E20ae99927eA9eF8515e,18,5,OFF,false,true,
88,MEXC,polygon,SwissCheese,SWCH,0x3ce1327867077B551ae9A6987bF10C9fd08edCE1,18,1,ON,true,true,0.1967
89,MEXC,polygon,NextEarth,NXTT,0x0d0B8488222F7f83B23E365320a4021b12eAD608,18,0,OFF,false,true,
90,MEXC,polygon,Divo,DVO,0x8708cCEb45b218E93a4D2cfc95Eb8250AB13Fa9D,18,80,ON,true,true,0.0007887
91,MEXC,polygon,Continuum World,UM,0x3b1a0c9252ee7403093ff55b4a5886d49a3d837a,18,0,OFF,false,true,
92,MEXC,polygon,Second World Games,SWIO,0xbE75385304b3BCA6FD25B755e849f63b70E84793,18,0,OFF,false,true,
93,MEXC,polygon,Astrafer,ASTRAFER,0xDfCe1e99A31C4597a3f8A8945cBfa9037655e335,18,0,OFF,false,true,
94,MEXC,polygon,Verida,VDA,0x683565196C3EAb450003C964D4bad1fd3068D4cC,18,0,OFF,false,true,
95,MEXC,polygon,EDEXA BLOCKCHAIN,EDX,0xC114678C6e4654d041B2006C90f08478b444c4E2,18,2,ON,true,true,0.01844
96,MEXC,polygon,Catheon Gaming,CATHEON,0x7e7737C40878e720b32e7bC9CD096259f876d69f,9,0,OFF,false,true,
97,MEXC,polygon,Vault Hill City,VHC,0x51b5619f5180e333d18b6310c8d540aea43a0371,18,0,OFF,false,true,
98,MEXC,polygon,Puggy Meme,PUGGY,0x762b56F3E36A4BE65763056d6464668B4C7B2f49,18,0,OFF,false,true,
99,MEXC,polygon,Bethel,BECX,0x6B7Cd2b0863e9e80b425566fEbBe15309Bb1803d,18,0,OFF,false,true,
100,MEXC,polygon,OkLetsPlay,OKLP,0x5D48a5E5a3e737322Ae27e25897F1c9E19EcC941,18,0,OFF,false,true,
101,MEXC,polygon,Wisdomise AI,WSDM,0x5F2F8818002dc64753daeDF4A6CB2CcB757CD220,6,1.5,ON,true,true,0.001023
102,MEXC,polygon,EscoinToken,ELG,0x8226AC9EdB26ff16DA19151042a8BA3BB2cC237F,18,0,OFF,false,true,
103,MEXC,polygon,W3Gamez Network,W3G,0x25cBE406Aa02053feDC955095415fd8f497f072d,18,0,OFF,false,true,
104,MEXC,polygon,VERSUS-X,VSX,0xB8d5f5f236C24e09c7f55EEc313818742aC4cF79,18,0,OFF,false,true,
105,MEXC,polygon,VRJAM Coin,VRJAM,0xe84c2Edca71fC3cc570c70665178d90C8721623b,18,12,OFF,false,true,
106,MEXC,polygon,EarnTV,ETV,0xC77AEa972F862df1F6A520BE673Df63A01255ff9,18,0,OFF,false,true,
107,MEXC,polygon,EVE Token,EVE,0xaE29AC47A9E3b0a52840E547aDf74B912999F7fc,18,3.5,OFF,false,true,
108,MEXC,polygon,MeshSwap,MESH,0x82362Ec182Db3Cf7829014Bc61E9BE8a2E82868a,18,0,OFF,false,true,
109,MEXC,polygon,WolfSafePoorPeople,WSPP,0x46d502fac9aea7c5bc7b13c8ec9d02378c33d36f,18,0,OFF,false,true,
110,MEXC,polygon,UMMA Token,UMMA,0x36596A1dC57c695Bed1A063470a7802797Dca133,18,0,OFF,false,true,
111,MEXC,polygon,SpongeBob,SPONGEOLD2,0x53dF32548214f51821CF1Fe4368109ac5DdeA1Ff,18,0,OFF,false,true,
112,MEXC,polygon,KlimaDAO,KLIMA,0x4e78011Ce80ee02d2c3e649Fb657E45898257815,9,0,OFF,false,true,
113,MEXC,polygon,TrinityOfTheFabled,ABYS,0x23001AE6cd2F0644C5846e156565998334FC2BE3,8,0,OFF,false,true,
114,MEXC,polygon,Film.io,FAN,0x3B9E9100Db1389c518d47c635D80a90ad4C4f41b,8,0,OFF,false,true,
115,MEXC,polygon,Farcana,FAR,0x5F32AbeeBD3c2fac1E7459A27e1AE9f1C16ccccA,18,50,ON,true,true,0.000289
116,MEXC,polygon,Web3Games.com,WGT,0x8F15330737184643473348004ef70C1C57c2966D,18,0,OFF,false,true,
117,MEXC,polygon,Fidira,FID,0x9A4Eb698e5DE3D3Df0a68F681789072DE1E50222,18,0,OFF,false,true,
118,MEXC,polygon,Niftify,NIFT,0x4a1d542b52a95ad01ddc70c2e7df0c7bbaadc56f,18,0,OFF,false,true,
119,MEXC,polygon,Edge Video AI,FAST,0xffBF21632d4AD2B1F85031B418a8f69638118364,24,0,OFF,false,true,
120,MEXC,polygon,MetaShooter,MHUNT,0x61f95bd637e3034133335C1baA0148E518D438ad,18,0,OFF,false,true,
121,MEXC,polygon,FishVerse,FVS,0x72319a036CCb449cffbAc0D6e95dCd5c6E86cd0c,18,0,OFF,false,true,
122,MEXC,polygon,QORBI,QORBI,0x07278800fFBbB715C826E9D780FFfE7ec7001127,18,0,OFF,false,true,
123,MEXC,polygon,FLOXYPAY,FXY,0x4Ec465D5DB20A01Bc8404dc84f33bb7A398B8335,18,0,OFF,false,true,
124,MEXC,polygon,Affyn,FYN,0x3B56a704C01D650147ADE2b8cEE594066b3F9421,18,0,OFF,false,true,
125,MEXC,polygon,Trias,TRIAS,0x0D5eA33C2540a3071d8770F8ffee9817D0624E7d,18,0.2,OFF,false,false,
126,MEXC,polygon,PolyPad,POLYPAD,0x30eA765D4DDA26e0f89e1B23A7c7b2526B7d29ec,18,0,OFF,false,true,
127,MEXC,polygon,ANote Music,NOTES,0x2d66953fC2eb650F0fD992Dbe1e71D743a4e9fee,9,0,OFF,false,true,
128,MEXC,polygon,Earthmeta,EARTHMETA,0x708383ae0e80E75377d664E4D6344404dede119A,18,0,OFF,false,true,
129,MEXC,polygon,Revolt 2 Earn,RVLT,0x5d301750cc9719f00872E33Ee81f9C37aBa242F4,18,0,OFF,false,true,
130,MEXC,polygon,GEODNET,GEOD,0xAC0F66379A6d7801D7726d5a943356A172549Adb,18,1,ON,true,true,0.1529
131,MEXC,polygon,GenomeFi,GENO,0xCa730042595a1809793fbe2e9883c184c7Eb27Db,18,1.25,OFF,true,true,
132,MEXC,polygon,GEOPOLY,GEOS,0xf1428850f92b87e629c6f3a3b75bffbc496f7ba6,18,0,OFF,false,true,
133,MEXC,polygon,Revolt 2 Earn,RVLTOLD,0xf0f9D895aCa5c8678f706FB8216fa22957685A13,18,0,OFF,false,false,
134,MEXC,polygon,STEPN GO,GGT,0x8349314651eDe274f8c5FeF01Aa65fF8da75E57c,8,0,OFF,false,true,
135,MEXC,polygon,XEN Crypto,MXEN,0x2AB0e9e4eE70FFf1fB9D67031E44F6410170d00e,18,1000000000,OFF,false,true,
136,MEXC,polygon,ELIS,XLS,0x4CffCa9DF0Db66274A624b6017690Da1c6AD74e4,18,10,OFF,true,true,
137,MEXC,polygon,OMMNIVERSE,OMMI,0xBc2659EaD8d2D13A157A75BfC5acC156E1eA06DF,18,0,OFF,false,true,
138,MEXC,polygon,Gains Network,GNS,0xE5417Af564e4bFDA1c483642db72007871397896,18,0.25,ON,true,true,2.189
139,MEXC,polygon,The Unfettered Souls,SOULS,0xaa4fBC6809a8E1924520FC85282aC4C76A7671d7,18,95,ON,true,true,0.000403
140,MEXC,polygon,GuildQB,GQB,0xE319519d910E733098fb559c2B10Cb70ED854603,18,20,OFF,true,true,
141,MEXC,polygon,W3GG,W3GG,0x8D60FB5886497851AaC8c5195006ecf07647ba0D,18,1,OFF,true,true,
142,MEXC,polygon,SolarX,SOLARX,0x6D295DA283c4C0658EAfe608e4145e8a86777B88,18,0,OFF,false,true,
143,MEXC,polygon,Gamesta,GSG,0x778949e707A0eb6c32ca20b1F9E0Db9685d18024,18,0,OFF,false,true,
144,MEXC,polygon,Dogira,DOGIRA,0xdda40cdfe4a0090f42ff49f264a831402adb801a,9,0,OFF,false,true,
145,MEXC,polygon,Greever,GVL,0x1A1027b2c787c362ae6E4a6495BfcC8fB3e9aEBd,18,5,OFF,true,true,
146,MEXC,polygon,Realium,REALIUM,0x425d80F5aB26f568582FaaE5Cbc8DE80a9E32Ce2,6,0.05,OFF,true,true,
147,MEXC,polygon,LunarStorm,LUST,0x2B867A0f2C67D13f19178E2fe37a8F3769E1BeA7,18,65,OFF,false,true,
148,MEXC,polygon,Milo,MILOWEB3,0xd0AC5Be680Bfbc0f1958413f4201f91934F61BEA,18,0,OFF,false,true,
149,MEXC,polygon,Human,HMT,0xc748B2A084F8eFc47E086ccdDD9b7e67aEb571BF,18,22.222222,ON,true,true,0.01471
150,MEXC,polygon,Homeety,HOM,0x12A4CeBF81F8671fAF1AB0aCEa4e3429E42869e7,18,0,OFF,false,true,
151,MEXC,polygon,WeFi,WEFI,0xfFA188493C15DfAf2C206c97D8633377847b6a52,18,10,OFF,true,true,
152,MEXC,polygon,Hibiki Run,HUT,0x3e15Cd00B456B0Fb33827e3c9B49952bB0Ec126C,18,0,OFF,false,true,
153,MEXC,polygon,Fabwelt,WELT,0x23e8b6a3f6891254988b84da3738d2bfe5e703b9,18,0,OFF,false,true,
154,MEXC,polygon,Mysterium,MYST,0x1379E8886A944d2D9d440b3d88DF536Aea08d9F3,18,0.5,ON,true,true,0.2027
155,MEXC,polygon,Bridgent,BRIDGENT,0x5Fe1870b12819248dE653D6e7ea61dCD80e58901,9,2,ON,false,true,0.2658
156,MEXC,polygon,Aventis Metaverse,AVTM,0x4E67b4598BcE5F0B2706407407da0D4D8e1D7433,18,0,OFF,false,true,
157,MEXC,polygon,TMN Global,TMNG,0xE57594F829b3d514EE12C41e81DF3861B19c26e3,18,0,OFF,false,true,
158,MEXC,polygon,iAI Center,IAI,0x418a89B177b41e24FA50712a1822F6e6E8C629A1,18,40,OFF,true,true,
159,MEXC,polygon,ZED RUN,ZED,0x5eC03C1f7fA7FF05EC476d19e34A22eDDb48ACdc,18,0,OFF,false,true,
160,MEXC,polygon,DOGAMI,DOGA,0x2F3E306d9F02ee8e8850F9040404918d0b345207,5,125,OFF,true,true,
161,MEXC,polygon,Midnight,NIGHTOLD,0xD33fd95fC17bc808b35e98458e078330F35Dbfa3,9,0,OFF,false,false,
162,MEXC,polygon,STEPWATCH,STEPWATCH,0xabEDe05598760E399ed7EB24900b30C51788f00F,18,0,OFF,false,false,
163,MEXC,polygon,Panther Protocol,ZKP,0x9A06Db14D639796B25A6ceC6A1bf614fd98815EC,18,8,ON,true,true,0.00694
164,MEXC,polygon,OYABUN,FURI,0x5742fE477b2afed92c25D092418BaC06CD076ceA,18,10,ON,true,true,0.019341
165,MEXC,polygon,DOLZ,DOLZ,0x6ab4E20f36ca48B61ECd66c0450fDf665Fa130be,18,50,ON,true,true,0.00553
166,MEXC,polygon,iNFTspace,INS,0xb988Bd378A0754957d5D9471C96E0F8051645a26,18,0,OFF,false,true,
167,MEXC,polygon,Zerora Protocol,ZRA,0x63564e28906337e688BF7EB1E8eC645127F6fc28,18,40,OFF,true,true,
168,MEXC,polygon,MINX TOKEN,MINX,0x552f4D98F338fBbD3175ddf38cE1260F403Bbba2,18,0.2,ON,true,true,0.05812
169,MEXC,polygon,Pax World Token,PAXW,0xC79Ae93D9C215EAa8c8DA5C77E465baC7dE28891,18,0,OFF,false,true,
170,MEXC,polygon,EARN M Rewards,EARNM,0xaeb3DD897Ade187B9F9e4c491Bc7A81F69F7093E,18,10,OFF,true,true,
171,MEXC,polygon,BollyCoin,BOLLY,0x7dc47cfb674beb5827283f6140f635680a5ce992,18,0,OFF,false,true,
172,MEXC,polygon,GeniuX,IUX,0x346404079b3792a6c548B072B9C4DDdFb92948d5,18,0,OFF,true,true,
173,MEXC,polygon,Ultimate Champions,CHAMP,0xED755dBa6Ec1eb520076Cec051a582A6d81A8253,18,0,OFF,false,true,
174,MEXC,polygon,Leandro Lopes,LOPES,0xCEBdc775E9f18156EC2e04Fb4150f1bc54DE690f,18,0,OFF,false,true,
175,MEXC,polygon,Oi Network,MOMOLD,0x441950037aE4D61Bb20B6D639F2073062fA551B1,18,0,OFF,false,true,
176,MEXC,polygon,Zynecoin,ZYN,0xE65ee7c03Bbb3C950Cfd4895c24989afA233EF01,18,40,OFF,true,true,
177,MEXC,polygon,IX Token,IXT,0xE06Bd4F5aAc8D0aA337D13eC88dB6defC6eAEefE,18,0.3,ON,true,true,0.12521
178,MEXC,polygon,BitStarters,BITS,0x5f5f7ca63A9d2c5200BC03CA3335a975D8f771d9,18,0,OFF,false,true,
179,MEXC,polygon,Chain Games,CHAIN,0xd55fce7cdab84d84f2ef3f99816d765a2a94a509,18,0,OFF,false,true,
180,MEXC,polygon,Crypto Raiders,RAIDER,0xcd7361ac3307d1c5a46b63086a90742ff44c63b3,18,0,OFF,false,true,
181,MEXC,polygon,DPEX,DPEX,0x3eD4c2D63DEf617F436EB031BAcAE16f478f3B00,18,0,OFF,false,true,
182,MEXC,polygon,JennyCo,JCO,0x8105f88e77a5D102099bf73Db4469d3F1e3B0cD6,18,0,OFF,false,true,
183,MEXC,polygon,Satoshi Airline,JET,0xb02eF03245fc7DF987BBd876768E6d441b7099B6,8,0,OFF,false,true,
184,MEXC,polygon,WaultSwap Polygon,WEXPOLY,0x4c4bf319237d98a30a929a96112effa8da3510eb,18,0,OFF,false,true,
185,MEXC,polygon,RadioShack,RADIO,0x613a489785C95afEB3b404CC41565cCff107B6E0,18,0,OFF,false,true,
186,MEXC,polygon,Cleo Tech,CLEOOLD,0xF9B2Ebdfa24688f0Dfb12cc55782e635f91E64a2,18,20,OFF,false,true,
187,MEXC,polygon,OvalPixel,OPAIG,0x89159aabF5CA5D82a499366e3FC25a308dA132b7,18,0,OFF,false,true,
188,MEXC,polygon,APE and PEPE,APEPE,0xA3f751662e282E83EC3cBc387d225Ca56dD63D3A,18,30000,ON,false,false,0.000001288
189,MEXC,polygon,Evercraft,ECET,0x799c98fEFB094f5EF3E7850cAe4a9401f9382F45,16,0.2,OFF,false,true,
190,MEXC,polygon,Kalp Network,GINI,0xA1A39558718d6FA57C699dC45981e5a1b2e25d08,18,5,OFF,true,true,
191,MEXC,polygon,K-POP Click,KPC,0x6b340661bb35553E1279D334f3454cc59A5d1492,18,30,ON,true,true,0.002518
192,MEXC,polygon,KonnektVPN,KPN,0x8328e6fceC9477C28298c9f02d740Dd87a1683e5,18,2,OFF,true,true,
193,MEXC,polygon,USDT,USDT,0xc2132d05d31c914a87c6611c10748aeb04b58e8f,6,0.0064,OFF,true,true,
194,MEXC,polygon,Candy Pocket,CANDY,0x32043520205367a68b527881fA594Bbc714f80ec,8,0,OFF,false,true,
195,MEXC,polygon,USDC,USDC,0x3c499c542cEF5E3811e1192ce70d8cC03d5c3359,6,0.0064,ON,true,true,0.9998
196,MEXC,polygon,IPMB,IPMB,0xFF22c94FFb6bB5d1DF18bEb5fd1dFE7583D3B214,18,0,OFF,false,true,
197,MEXC,polygon,Voxies,VOXEL,0xd0258a3fD00f38aa8090dfee343f10A9D4d30D3F,18,1,ON,true,true,0.05528
198,MEXC,polygon,Tanpin,TANPIN,0xd9D77B113e6Ef2696267E20C35f3AbD87cdaca2c,18,0.05,OFF,true,true,
199,MEXC,polygon,Starchi,ELIXIR,0xed0bb69f9f96e8c5fffdf16c468ecec385134ea5,18,0,OFF,false,true,
200,MEXC,polygon,Veloce,VEXT,0x27842334C55c01DDFE81Bf687425F906816c5141,18,10,OFF,true,true,
201,MEXC,polygon,COCA,COCA,0x7B12598E3616261df1C05EC28De0d2fB10c1F206,18,0.5,ON,true,true,0.4718
202,MEXC,polygon,Duel Network,DUELOLD2,0xFFC4B25557bB4327d437C3B3eAD6b2B15fAb391A,18,0,OFF,false,true,
203,MEXC,polygon,Legends of Elysium,LOE,0x8b78927048de67b9e8c8F834359F15C3822eD871,18,0.25,OFF,true,true,
204,MEXC,polygon,WiFi Map,WIFI,0xE238Ecb42C424E877652AD82d8A939183A04C35f,18,0,OFF,false,true,
205,MEXC,polygon,Copute,COPU,0x5B709970A675722748fAb650806054508b59a83D,18,10,OFF,false,false,
206,MEXC,polygon,LandRocker,LRT,0xfb7f8A2C0526D01BFB00192781B7a7761841B16C,18,50,OFF,true,true,
207,MEXC,polygon,Nord Finance,NORD,0xF6F85b3f9fd581C2eE717c404F7684486F057F95,18,0,OFF,false,false,
208,MEXC,polygon,Bloktopia,BLOK,0x229b1b6C23ff8953D663C4cBB519717e323a0a84,18,30,ON,true,true,0.0002077
209,MEXC,polygon,Digital Fitness,DEFIT,0x428360b02C1269bc1c79fbC399ad31d58C1E8fdA,18,0,OFF,false,true,
210,MEXC,polygon,Wistaverse,WISTA,0xB7042C40De76CFc607aC05e68F9C28A778F0C8a6,18,0,OFF,false,true,
211,MEXC,polygon,Matr1x,MAX,0xbEd0B9240bdbcC8e33f66d2ca650A5Ef60a5bAb0,18,0.5,OFF,false,true,
212,MEXC,polygon,Quickswap,QUICK,0xB5C064F955D8e7F38fE0460C556a72987494eE17,18,15,ON,true,true,0.02619
213,MEXC,polygon,Medieval Empires,MEE,0xEB7eaB87837f4Dad1bb80856db9E4506Fc441f3D,18,10,ON,true,true,0.005488
214,MEXC,polygon,SNPIT,SNPT,0x22737f5Bbb7C5b5BA407b0c1C9a9cdf66CF25D7d,18,25,ON,true,true,0.01116
215,MEXC,polygon,Oshi,OSHI,0x09cAD96Bc28f55e9253cfB9a84a3A1Ab79061E54,18,0.3,ON,true,true,0.022531
216,MEXC,polygon,GuardiansoftheBall,GOBAL,0x70F300FE3c8d62A169D3c1d656D284c3b4E00461,18,0,OFF,false,true,
217,MEXC,polygon,OSIS,OSIS,0x3e5351935595600D8e094dEE3Ec7E942CAf9907F,18,0,OFF,false,true,
218,MEXC,polygon,My Lovely Planet,MLC,0x0566C506477cD2d8dF4e0123512dBc344bD9D111,18,1,ON,true,true,0.32
219,MEXC,polygon,MM Finance,MMF,0x22a31bD4cB694433B6de19e0aCC2899E553e9481,18,0,OFF,false,true,
220,MEXC,polygon,MM Optimizer,MMO,0x859a50979fdB2A2fD8Ba1AdCC66977C6f6b1CD5B,18,0,OFF,false,true,
221,MEXC,polygon,UDAO,UDAO,0x433cCeBC95ad458E74d81837Db0D4aa27e30E117,18,1,ON,true,true,0.1159
222,MEXC,polygon,OvalPixel1.0,OPAIGLG,0xBc35EA3506880964874D95629850e4C911503BB7,18,0,OFF,false,true,
223,MEXC,polygon,Oi Network,MOM,0x4593b173439835ad8f4bB29210668e8FAFb18F56,18,0,OFF,false,true,
224,MEXC,polygon,Minnapad,MINNA,0xfBe59eBf7a188045c87c4A65093Ed1E50520408b,18,0,OFF,false,true,
225,MEXC,polygon,MSQUARE,MSQ,0x6A8Ec2d9BfBDD20A7F5A4E89D640F7E7cebA4499,18,0.2,ON,true,true,11.104
226,MEXC,polygon,Meta Plus Token,MTS,0x58d70EF99a1d22E1a8F8f0e8F27C1bAbCf8464F3,18,10,ON,true,true,0.001318
227,MEXC,polygon,MultiUniverseCentral,MUC,0x03B92EBF0615D44D8C782C209E4405b74cb77D1d,18,0,OFF,false,true,
228,MEXC,polygon,MetaVirus,MVT,0xcd7BCaCc38d71ED14C875d3aBFec5a781812551E,18,0,OFF,false,true,
229,MEXC,polygon,Metavault Trade,MVX,0x2760E46d9BB43dafCbEcaad1F64b93207f9f0eD7,18,0,OFF,false,true,
230,MEXC,polygon,SPORT,SPORT,0x503836c8c3A453c57f58CC99B070F2E78Ec14fC0,18,0,OFF,false,true,
231,MEXC,polygon,MyWorld,MWT,0xE00DeC05D7601D4a3729B03e451CcD9bc63a4B7e,18,30,OFF,false,false,
232,MEXC,polygon,IRON Titanium,TITAN,0xaaa5b9e6c589642f98a1cda99b9d024b8407285a,18,6000000,OFF,true,true,
233,MEXC,polygon,Trakx,TRKX,0x61bf130d973D59c69d3227f1668d534d83119860,18,0,OFF,false,true,
234,MEXC,polygon,Soil,SOIL,0x43C73b90E0C2A355784dCf0Da12f477729b31e77,18,0.03,ON,true,true,0.1913
235,MEXC,polygon,SurfBoard,SURFBOARD,0xD8513c22Dd61161ba3872859A6D10eB1612Df742,18,0,OFF,false,true,
236,MEXC,polygon,Tamadoge,TAMA,0xc61f39418cd27820b5D4E9Ba4a7197eefAEB8b05,18,30,OFF,false,true,
237,MEXC,polygon,Dtec,DTEC,0xd87aF7B418d64FF2cdE48d890285bA64fc6E115F,18,1,ON,true,true,0.0196
238,MEXC,polygon,H3RO3S,H3RO3S,0x480fD103973357266813EcfcE9faABAbF3C4ca3A,18,0,OFF,false,true,
239,MEXC,polygon,AI Pepe King,AIPEPE,0xBAC3368B5110f3a3ddA8B5a0F7B66EDb37C47AFe,18,0,OFF,false,true,
240,MEXC,polygon,Neighbourhoods,NHT,0x84342e932797FC62814189f01F0Fb05F52519708,18,180,OFF,false,false,
241,MEXC,polygon,Neoki,NKO,0xca3C652e994D88740b8Ab3b33B4935592aB1DfbA,18,12,OFF,false,true,
242,MEXC,polygon,Floyx,FLOYX,0x7067BeBfA1720132DFb9373d65B522AfBe3A201e,18,0,OFF,false,true,
243,MEXC,polygon,Gaia EverWorld,GAIA1,0x723b17718289a91af252d616de2c77944962d122,18,30,OFF,false,true,
244,MEXC,polygon,Nereus,NRS,0x94615302bCB36309371ea7454f3e99A4002105dE,18,0,OFF,false,true,
245,MEXC,polygon,Singularity,ISKOLD,0x0F39cBa23cd1DAc160De282cF40008767004304F,18,100,OFF,false,true,
246,MEXC,polygon,Galaxy Fight Club,GCOIN,0x071AC29d569a47EbfFB9e57517F855Cb577DCc4C,18,0,OFF,false,true,
247,MEXC,polygon,Mithril Token,MITHRIL,0xb0e4eC69115E61d8D2c8401e1f254308572Abe49,18,0,OFF,false,true,
248,MEXC,polygon,Nodewaves,NWS,0x13646e0E2d768D31B75d1A1e375e3E17F18567f2,18,5,ON,true,true,0.00119
249,MEXC,polygon,Nexus Dubai,NXD,0x228b5C21ac00155cf62c57bcc704c0dA8187950b,18,0,OFF,false,true,
250,MEXC,polygon,Infinity Skies,ISKY,0x5DFD5edFde4d8EC9e632dCA9d09Fc7E833f74210,18,0,OFF,false,true,
251,MEXC,polygon,Wicrypt,WNTOLD,0x82a0e6c02b91ec9f6ff943c0a933c03dbaa19689,18,0,OFF,false,false,
252,MEXC,polygon,SPIT,SPIT,0x5c947eB80D096A5e332bF79bfDc9feb3D0a201d7,18,0,OFF,false,true,
253,MEXC,polygon,Versity,SITYOLD,0xB044e4d2B145a8e7832889FC4609f654446C22f9,18,0,OFF,false,true,
254,MEXC,polygon,Bitboard,BITBOARD,0x4F7Cc8eF14f3Dc76Ee2fB60028749E1B61CEa162,18,10,ON,true,true,0.0046642
255,MEXC,polygon,Sheesha Finance,MSHEESHA,0x88C949b4eB85a90071f2C0beF861BDDEe1a7479D,18,0,OFF,false,true,
256,MEXC,polygon,O-MEE,OME,0x8E0232183fDa2932A04601EadDAF90191e2bdfcd,18,100,OFF,false,false,
257,MEXC,polygon,DDMTOWN,DDMT,0x59536E645E5f394045049c38EA98aE45B4B0DEd2,18,0.1,ON,true,true,0.10248
258,MEXC,polygon,Algebra,ALGB,0x0169eC1f8f639B32Eec6D923e24C2A2ff45B9DD6,18,0,OFF,false,true,
259,MEXC,polygon,Nakamoto Games,NAKA,0x311434160d7537be358930def317afb606c0d737,18,0.1,ON,true,true,0.3032
260,MEXC,polygon,GamersXP,GMXP,0x6ca6F60bd339Da93124ba29E4fd957aEe766B1b3,10,0,OFF,false,true,
261,MEXC,polygon,Cros,CROS,0x70E05a930baB8c3Bf24b2B182aF3f857D19377ef,18,1,ON,true,true,0.000283
262,MEXC,polygon,NFT Champions,CHAMP1,0x8f9E8e833A69Aa467E42c46cCA640da84DD4585f,8,0,OFF,false,true,
263,MEXC,polygon,Cryptomeda,TECHOLD,0x6286a9e6f7e745a6d884561d88f94542d6715698,18,100,OFF,false,false,
264,MEXC,polygon,ORBCITY,ORB,0x20C750C57C3bc5145aF4b7a33d4fB66A8E79FE05,18,0,OFF,false,true,
265,MEXC,polygon,Magic Shoes,MAGICSHOES,0x13eFAA3D5E2C86E7ABa168F925FeF9827648Cff4,18,20,OFF,false,true,
266,MEXC,polygon,Carnomaly,CARR,0x9b765735C82BB00085e9DBF194F20E3Fa754258E,18,20,ON,true,true,0.001129
267,MEXC,polygon,Icon.X World,ICNX,0x91f3B9366801C1fCa6184C3bD99d5Ab0C43A9033,18,0,OFF,false,true,
268,MEXC,polygon,PolyDoge,POLYDOGE,0x8A953CfE442c5E8855cc6c61b1293FA648BAE472,18,5600000,ON,true,true,4.575e-9
269,MEXC,polygon,ITSBLOC,ITSB,0x998013798440d44C1dD4c767bdD9580E16E46e28,18,0,OFF,false,true,
270,MEXC,polygon,Paycer Protocol,PCR,0xa6083abe845fbB8649d98B8586cBF50b7f233612,18,0,OFF,false,true,
271,MEXC,polygon,KASTA,KASTA,0x235737dbb56e8517391473f7c964db31fa6ef280,18,2,ON,true,true,0.010308
272,MEXC,polygon,Swords of Blood,SWDTKN,0x968B493a2B27D03Dad92B9eA1e2E8232a72c9C2C,18,0,OFF,false,true,
273,MEXC,polygon,Farmsent,FARMS,0xf2dA37643c25Ca14291c2A69F51423ed9B7Ff4b0,18,0,OFF,false,true,
274,MEXC,polygon,PHT Stablecoin,PHT,0xe75220cB014Dfb2D354bb59be26d7458bB8d0706,18,48,ON,true,true,0.01749
275,MEXC,polygon,Sheertopia,AMBO,0x9B8B6A1298d34B3c4bBDDce8a7fF0149121592C1,18,0,OFF,false,true,
276,MEXC,polygon,KOLnet,KOLNET,0xfd195a17e2a60D248a7148A919c5166AE907479A,18,0,OFF,false,true,
277,MEXC,polygon,Polker,PKR,0x140a4e80dD8184536acc45F1C452D7540472e6E1,18,110,ON,true,true,0.002181
278,MEXC,polygon,Rain Coin,RAINCOIN,0x8E677CA17065eD74675BC27bCaBadB7Eef10A292,18,0.04,OFF,true,true,
279,MEXC,polygon,ROUTE,ROUTEOLD,0x16eccfdbb4ee1a85a33f3a9b21175cd7ae753db4,18,0,OFF,false,false,
280,MEXC,polygon,Reel Token,REELT,0x19CcfE396006ffe7A92Ab667b0ef90CE61B66f9f,8,0,OFF,false,true,
281,MEXC,polygon,Decentrawood,DEOD,0xE77aBB1E75D2913B2076DD16049992FFeACa5235,18,10,ON,true,true,0.007245
282,MEXC,polygon,Polygon,POL,,,0.3,ON,true,true,0.2857
283,MEXC,polygon,POLYSPORTS,PS1,0x32Cd1BCB75473845b5d1dB6ecE60AEC6E41d8518,18,0,OFF,false,true,
284,MEXC,polygon,DEUS Finance,DEUS,0xde5ed76e7c05ec5e4572cfc88d1acea165109e44,18,0.004,OFF,false,true,
285,MEXC,polygon,Ideaology,IDEA,0xA26Df7F21D752BCd3A413ba496485D87D65eef8F,18,0,OFF,false,true,
286,MEXC,polygon,Dexioprotocol,DEXI,0x65ba64899c2c7DbFDb5130e42E2CC56de281c78b,9,0,OFF,false,true,
287,MEXC,polygon,Playermon,PYM,0x0bd49815ea8e2682220bcb41524c0dd10ba71d41,18,10,OFF,false,true,
288,MEXC,polygon,Vulcan Forged PYR,PYR,0x430EF9263E76DAE63c84292C3409D61c598E9682,18,0.1,ON,true,true,1.02
289,MEXC,polygon,RoboHero,ROBO,0xB3886B3aAA6087B3d185dAeb89AC113D195b5Eb9,18,0,OFF,false,true,
290,MEXC,polygon,Mechanium,MECHA,0xaCd4E2d936Be9B16c01848A3742A34B3D5A5bDfa,18,0,OFF,false,true,
291,MEXC,polygon,MoonEdge,MOONED,0x7E4c577ca35913af564ee2a24d882a4946Ec492B,18,50,ON,true,true,0.001759
292,MEXC,polygon,Qoodo.io,QDO,0x63c54c41794e14D283123CD38895f7ABdF33C379,18,0,OFF,false,true,
293,MEXC,polygon,GONE,GONE,0x162539172b53E9a93b7d98Fb6c41682De558a320,18,0,OFF,false,true,
294,MEXC,polygon,CRETA,CRETA,0x202655af326dE310491Cb54f120E02eE0da92b55,18,3,ON,true,true,0.003678
295,MEXC,polygon,CREPE,CREPE,0xe81432473290F4ffCFc5E823F8069Db83e8A677B,18,15,OFF,true,true,
296,MEXC,polygon,QUICK,QUICKOLD,0x831753dd7087cac61ab5644b308642cc1c33dc13,18,0.014285,OFF,false,false,
297,MEXC,polygon,PIVN,PIVN,0x38A232CABb8A7f745c7D6E0A5bf300E3499aa8A6,18,25,OFF,false,true,
298,MEXC,polygon,QuantCheck,QTK,0xADEB98a12b2CdFBDb45Cdd2274a369E79A7002e0,18,0,OFF,false,true,
299,MEXC,polygon,Tangible,TNGBL,0x49e6A20f1BBdfEeC2a8222E052000BbB14EE6007,18,0,OFF,false,true,
300,MEXC,polygon,DFYN,DFYN,0xC168E40227E4ebD8C1caE80F7a55a4F0e6D66C97,18,2,ON,true,true,0.003197
301,MEXC,polygon,AnRKey X,ANRX,0x554f074d9cCda8F483d1812d4874cBebD682644E,18,70,OFF,false,false,
302,MEXC,polygon,Decentral Games ICE,ICEOLD,0xc6C855AD634dCDAd23e64DA71Ba85b8C51E5aD7c,18,0,OFF,false,false,
303,MEXC,polygon,Rainbow Token,RBW,0x431CD3C9AC9Fc73644BF68bF5691f4B83F9E104f,18,50,OFF,false,true,
304,MEXC,polygon,Angry Bulls Club,ABC,0xCe899f5fcF55B0c1d7478910f812Cfe68C5bcf0f,18,0,OFF,false,true,
305,MEXC,polygon,Pigcoin,PIGCOIN,0xe9bC9AD74CCa887Aff32ba09a121B1256fC9f052,18,0,OFF,false,true,
306,MEXC,polygon,Art de Finance,ADF,0x6BD10299f4f1d31b3489Dc369eA958712d27c81b,18,0,OFF,false,true,
307,MEXC,polygon,Aree Shards,AES,0x2A07461a493b994C2a32f549Fd185524f306aB38,18,0,OFF,false,true,
308,MEXC,polygon,Ribus,RIB,0x3Af2dd7B91D8fACECCC26d21a065267817213D37,8,12,OFF,true,true,
309,MEXC,polygon,Aki Protocol,AKI,0x1A7e49125a6595588c9556f07a4c006461b24545,18,3,OFF,false,true,
310,MEXC,polygon,Reality Metaverse,RMV,0xf0949Dd87D2531D665010d6274F06a357669457a,18,5.5,OFF,true,true,
311,MEXC,polygon,Polytrade,TRADE,0x692ac1e363ae34b6b489148152b12e2785a3d8d6,18,0.03,ON,true,true,0.1178
312,MEXC,polygon,MetaTrace,TRACE,0x40d9fc77027A281d85de1fa660C887E645AE26C3,2,0,OFF,false,true,
313,MEXC,polygon,TSUBASA Governance,TSUGT,0x70e29b7E036B14D496431b77e0B6EB0008be6165,8,0,OFF,false,true,
314,MEXC,polygon,Arrland,RUM,0x14E5386f47466A463f85D151653E1736c0c50Fc3,18,60,OFF,true,true,
315,MEXC,polygon,STAU,STAU,0x37C5eBfaE4E4dA225e9D8042B05063c4A2C94bb6,18,2,ON,true,true,0.01759
316,MEXC,polygon,Attack Wagon,ATK,0xF868939Ee81F04f463010BC52EAb91c0839eF08c,18,0,OFF,false,true,
317,MEXC,polygon,AdvertisingTimeTrace,ATT,0xcCCf7C6552437ab1504C384C6Ed4501dAa3a9aC6,18,0.2,ON,true,true,0.2681
318,MEXC,polygon,Abyss World,AWT,0x0c705862f56cD8eC70337F5f5184feA4158a3c00,18,0,OFF,false,true,
319,MEXC,polygon,Mars Token,MRST,0x411bc96881A62572FF33c9d8CE60dF99E3d96cd8,18,0,OFF,false,true,
320,MEXC,polygon,Wrapped Optimus,WOPT,0x676fcD577d0C8705F9f81577C4bFC4cc7979E69B,18,0,OFF,false,true,
321,MEXC,polygon,Artmeta,MART,0xDcfF29b7bd211Aaef6E4a3989e4d3F732cF5b4b6,18,0,OFF,false,true,
322,MEXC,polygon,Astro Armadillos,ASTROS,0xBc024abd1e72e2b5F9f73de13ACe4Ac68Fe73e62,18,1,ON,true,true,0.06016
323,MEXC,polygon,SAP,SAP,0x8207CF61083fA9DFCe837fA5FD8f5d15F607292f,,0.1,OFF,false,false,
324,GATE,polygon,Wirex Pay,WPAY,0x7ABE9Edf5C544A04dA83e9110CF46DBC4759170c,18,0.283,ON,true,true,0.1774
325,GATE,polygon,Social Master & Branch,SMB,0x68f610f2220a6974eb69963bdaf5a0de0dc9bd8c,18,0.203,ON,true,true,0.25774
326,GATE,polygon,Snook,SNK,0x689f8e5913C158fFB5Ac5aeb83b3C875F5d20309,18,18.61,ON,true,true,0.002539
327,GATE,polygon,Monsoon Finance,MCASH,0xa25610a77077390a75ad9072a084c5fbc7d43a0d,18,1959.25,OFF,false,true,
328,GATE,polygon,Carrieverse,CVTX,0x40F97Ec376aC1c503E755433BF57f21e3a49f440,18,2941.18,OFF,false,true,
329,GATE,polygon,SUPERTRUST,SUT,0x98965474ecbec2f532f1f780ee37b0b05f77ca55,18,0.00388,ON,true,true,13.184
330,GATE,polygon,Stepwatch,SWP,0xabEDe05598760E399ed7EB24900b30C51788f00F,18,0,OFF,false,false,
331,GATE,polygon,NexGami,NEXG,0xaF0dC42725db75AE54f5E8945e71017Bc7ACd27d,18,2132.2,OFF,false,true,
332,GATE,polygon,Angle Protocol,ANGLE,0x900F717EA076E1E7a484ad9DD2dB81CEEc60eBF1,18,17.05,OFF,false,true,
333,GATE,polygon,Gaia Everworld,GAIA,0x723b17718289a91af252d616de2c77944962d122,18,319.28,OFF,false,true,
334,GATE,polygon,Cobak,CBK,0x4ec203dd0699fac6adaf483cdd2519bc05d2c573,18,0.0913,ON,true,true,0.522
335,GATE,polygon,UFORIKA,FORA,0x081c280cD5C1c934DbAfc97A2aB2e596FfE7DFC4,18,535.1,ON,true,true,0.00008749
336,GATE,polygon,Forta,FORT,0x9ff62d1FC52A907B6DCbA8077c2DDCA6E6a9d3e1,18,0.75,ON,true,true,0.06239
337,GATE,polygon,Cryptopia,TOS,0x50AA659E6aB263B77d61Ff44cF4A1090141e7111,18,4353.88,OFF,false,true,
338,GATE,polygon,Blockchain Monster Hunt,BCMC,0xc10358f062663448a3489fC258139944534592ac,18,61.74,ON,true,true,0.0008105
339,GATE,polygon,The World Seamans Project,SEAT,0xc79FC2885e207E1C4cc69Cf94402DD1a5642452e,18,245.34,ON,true,true,0.0002187
340,GATE,polygon,MacaronSwap,MCRN,0xba25b552c8a098afdf276324c32c71fe28e0ad40,18,2.29,OFF,false,true,
341,GATE,polygon,Karmaverse,KNOT,0xb763F1177E9B2Fb66FBe0d50372E3e2575c043e5,18,28.09,ON,true,true,0.0018
342,GATE,polygon,bitsCrunch Token,BCUT,0x3fb83A9A2c4408909c058b0BfE5B4823f54fAfE2,18,3.22,ON,true,true,0.01492
343,GATE,polygon,Dai,DAI,0x8f3cf7ad23cd3cadbd9735aff958023239c6a063,18,0.05,ON,true,true,0.99903
344,GATE,polygon,Rebel Bots,RBLS,0xe26cda27c13f4f87cFFc2F437C5900b27eBb5bbB,8,419.32,OFF,false,true,
345,GATE,polygon,DeSpace Protocol,DES,0xa062fc09cA6bdeb2f6E3b77E1d4e09C42C964742,18,0,OFF,false,false,
346,GATE,polygon,Black Stallion,BS,0x0C47298beEe5203358e7Bc30B9954B584361eAB5,18,14.13,OFF,false,true,
347,GATE,polygon,DeHive,DHV,0x5fcb9de282af6122ce3518cde28b7089c9f97b26,18,1.79,ON,true,true,0.027692
348,GATE,polygon,Decentral Games,DG,0xef938b6da8576a896f6e0321ef80996f4890f9c4,18,0.139,OFF,false,false,
349,GATE,polygon,Croatian Football Federation Token,VATRENI,0xD60DebA014459F07BBcC077a5B817f31DaFD5229,18,0.0448,ON,true,true,1.124
350,GATE,polygon,Onston,ONSTON,0xa4ce4a467e51aefec683a649c3f14427f104667f,18,0.5,OFF,false,false,
351,GATE,polygon,GensoKishi Metaverse,MV,0xa3c322ad15218fbfaed26ba7f616249f7705d945,18,5.76,ON,true,true,0.008779
352,GATE,polygon,Sway Protocol,SWAY,0x262B8AA7542004f023B0eB02bc6b96350A02b728,18,47.46,ON,true,true,0.0009783
353,GATE,polygon,Burp,BURP,0x538d47d142f6993038a667e9d6210d3735749b36,18,1595.41,OFF,false,true,
354,GATE,polygon,SwissCheese,SWCH,0x3ce1327867077B551ae9A6987bF10C9fd08edCE1,18,0.258,ON,true,true,0.194
355,GATE,polygon,Medieus,MDUS,0xab9cb20a28f97e189ca0b666b8087803ad636b3c,18,119.79,ON,true,true,0.0004171
356,GATE,polygon,Vortex Protocol,VP,0xf46CB10e8c5FB9368bbF497A3176b80c0AF66d44,11,42.36,OFF,false,true,
357,GATE,polygon,Vaiot,VAI,0xD13cfD3133239a3c73a9E535A5c4DadEE36b395c,18,0,ON,true,false,0.02181
358,GATE,polygon,Axelar,WAXL,0x6e4e624106cb12e168e6533f8ec7c82263358940,6,0.164,ON,true,true,0.303
359,GATE,polygon,Verida,VDA,0x683565196C3EAb450003C964D4bad1fd3068D4cC,18,17.98,ON,true,true,0.002918
360,GATE,polygon,Vendetta,VDT,0x765Af38A6e8FDcB1EFEF8a3dd2213EFD3090B00F,18,12.27,ON,true,true,0.003783
361,GATE,polygon,Catheon Gaming,CATHEON,0x7e7737C40878e720b32e7bC9CD096259f876d69f,9,309.54,ON,true,true,0.00015434
362,GATE,polygon,Puggy Coin,PUGGY,0x762b56F3E36A4BE65763056d6464668B4C7B2f49,18,868658.79,OFF,false,true,
363,GATE,polygon,OkLetsPlay,OKLP,0x5D48a5E5a3e737322Ae27e25897F1c9E19EcC941,18,2.5,OFF,false,true,
364,GATE,polygon,Wisdomise AI,WSDM,0x5F2F8818002dc64753daeDF4A6CB2CcB757CD220,6,47.62,ON,true,true,0.001022
365,GATE,polygon,Tenti,AIRTNT,0x25C498781cA536547B147e2199f572E5393D36f0,18,5206.16,OFF,false,true,
366,GATE,polygon,Versus-X,VSX,0xB8d5f5f236C24e09c7f55EEc313818742aC4cF79,18,7.15,ON,true,true,0.0077335
367,GATE,polygon,VRJAM,VRJAM,0xe84c2Edca71fC3cc570c70665178d90C8721623b,18,15.63,OFF,false,true,
368,GATE,polygon,KlimaDAO,KLIMA,0x4e78011Ce80ee02d2c3e649Fb657E45898257815,9,0.302,OFF,false,true,
369,GATE,polygon,Trinity Of The Fabled,ABYS,0x23001ae6cd2f0644c5846e156565998334fc2be3,8,123.43,ON,true,true,0.0004127
370,GATE,polygon,Farcana,FAR,0x5F32AbeeBD3c2fac1E7459A27e1AE9f1C16ccccA,18,170.42,ON,true,true,0.0002905
371,GATE,polygon,FreshCut Diamond,FCD,0xf78610D0a197842bF98ca45254897edd13c5D182,18,0.417,OFF,false,true,
372,GATE,polygon,NIFTIFY,NIFT,0x4a1d542b52a95ad01ddc70c2e7df0c7bbaadc56f,18,0,OFF,false,false,
373,GATE,polygon,POPKON,POPK,0x428fb1055f5a0E7A59eC4B50216Db1CDF8E16Cc5,18,966.37,OFF,false,true,
374,GATE,polygon,Edge Video AI,FAST,0xffbf21632d4ad2b1f85031b418a8f69638118364,24,15.21,ON,true,true,0.003263
375,GATE,polygon,handle.fi,FOREX,0xDb298285FE4C5410B05390cA80e8Fbe9DE1F259B,18,0,ON,false,false,0.0010015
376,GATE,polygon,MetaShooter,MHUNT,0x61f95bd637e3034133335C1baA0148E518D438ad,18,982.32,OFF,false,true,
377,GATE,polygon,Affyn,FYN,0x3B56a704C01D650147ADE2b8cEE594066b3F9421,18,37.63,ON,true,true,0.0013112
378,GATE,polygon,DRESSdio,DRESS,0xe6800cf598015a3ec5dd534f328f349da239bc78,18,0,ON,true,false,0
379,GATE,polygon,Trias,TRIAS,0x0D5eA33C2540a3071d8770F8ffee9817D0624E7d,18,0.0385,ON,false,true,1.2432
380,GATE,polygon,PolyPad,POLYPAD,0x30eA765D4DDA26e0f89e1B23A7c7b2526B7d29ec,18,938.09,OFF,false,true,
381,GATE,polygon,Revolt 2 Earn,RVLT,0xf0f9D895aCa5c8678f706FB8216fa22957685A13,18,416666.67,OFF,true,true,
382,GATE,polygon,GEODNET,GEOD,0xac0f66379a6d7801d7726d5a943356a172549adb,18,0.332,ON,true,true,0.15297
383,GATE,polygon,Kaby Arena,KABY,0x5198E7cC1640049dE37D1Bd10b03Fa5A3AFDA120,18,1141.03,OFF,false,true,
384,GATE,polygon,Gains Network,GNS,0xE5417Af564e4bFDA1c483642db72007871397896,18,0.0235,ON,true,true,2.1861
385,GATE,polygon,The Unfettered,SOULS,0xaa4fBC6809a8E1924520FC85282aC4C76A7671d7,18,125.09,ON,true,true,0.0004023
386,GATE,polygon,W3 Guild Games,W3GG,0x8D60FB5886497851AaC8c5195006ecf07647ba0D,18,5,ON,true,true,0.009882
387,GATE,polygon,HID3,HID3,0x87847703d4bb4fcd42db887ffdcb94496e77e3ab,18,9999,OFF,false,true,
388,GATE,polygon,Yin,YIN,0x794Baab6b878467F93EF17e2f2851ce04E3E34C8,18,0,OFF,false,false,
389,GATE,polygon,Cyrus,CYRUS,0xb853f7852Aa780831F165899ccbAF5DB0882B0d6,18,347.95,ON,true,true,0.0001551
390,GATE,polygon,WETH3,WETH3,0x7ceb23fd6bc0add59e62ac25578270cff1b9f619,18,0.0000109,OFF,false,true,
391,GATE,polygon,Dogami,DOGA,0x2F3E306d9F02ee8e8850F9040404918d0b345207,5,93.06,ON,true,true,0.0005933
392,GATE,polygon,ZIGChain,ZIG,0x7bebd226154e865954a87650faefa8f485d36081,18,0.546,ON,true,true,0.09603
393,GATE,polygon,IQ Protocol,IQT,0x41084fDc569099d9E527ccf126e12d9C7c688ec3,18,174.03,ON,true,true,0.0002896
394,GATE,polygon,EARNM,EARNM,0xaeb3dd897ade187b9f9e4c491bc7a81f69f7093e,18,89.41,ON,true,true,0.0005584
395,GATE,polygon,MOJO_OLD,MOJO_OLD,0xeD2d13A70acbD61074fC56bd0d0845e35f793e5E,18,2.32,OFF,true,true,
396,GATE,polygon,NFT CHAMPIONS,CHAMP,0x8f9e8e833a69aa467e42c46cca640da84dd4585f,8,1854.6,OFF,false,true,
397,GATE,polygon,FEAR,FEAR,0xa2CA40DBe72028D3Ac78B5250a8CB8c404e7Fb8C,18,2.99,ON,true,true,0.01587
398,GATE,polygon,CNAME_MATIC,CNAME_MATIC,0x948A5DC885d103Eb2B889CEb29Be42bC36Df516C,18,0,OFF,false,false,
399,GATE,polygon,Teddy Doge V2,TEDDY,0x10f6f2b97F3aB29583D9D38BaBF2994dF7220C21,18,0,ON,false,false,1.93e-8
400,GATE,polygon,Angola,AGLA,0xD6A33F67b733d422c821C36F0f79ca145B930d01,18,27.84,ON,true,true,0.0018387
401,GATE,polygon,Ape and Pepe,APEPE,0xa3f751662e282e83ec3cbc387d225ca56dd63d3a,18,37152.62,ON,false,false,0.000001411
402,GATE,polygon,Bondly,BONDLY,0x64ca1571d1476b7a21c5aaf9f1a750a193a103c0,18,0,ON,true,false,0.0008724
403,GATE,polygon,Tether,USDT,0xc2132d05d31c914a87c6611c10748aeb04b58e8f,6,0.05,OFF,true,true,
404,GATE,polygon,USDCoin,USDC,0x3c499c542cef5e3811e1192ce70d8cc03d5c3359,6,0.05,ON,true,true,0.9998
405,GATE,polygon,Vent Finance,VENT,0xf21441f9ec4c1fe69cb7cf186eceab31af2b658d,18,299.72,OFF,false,true,
406,GATE,polygon,Voxies,VOXEL,0xd0258a3fd00f38aa8090dfee343f10a9d4d30d3f,18,0.898,ON,true,true,0.05517
407,GATE,polygon,Chrono. tech,TIMECHRONO,0xb970Bc1BD4fCD639c37aa8eFD6713eaDc577252f,8,0.00439,ON,true,true,11.635
408,GATE,polygon,SOULS_OLD,SOULS_OLD,0xefcfece12a99d1dbbf6f3264ee97f8c045e97f1f,18,5,OFF,true,true,
409,GATE,polygon,Veloce,VEXT,0x27842334c55c01ddfe81bf687425f906816c5141,18,22.32,ON,true,true,0.002305
410,GATE,polygon,Lepricon,LEP,0x76Bba8c6D70690514e642cb68C93AF9a2ac826A4,18,49.21,OFF,false,true,
411,GATE,polygon,Lily,LIY,0x24fd25a49627ce2e4be711e76dc22234c83539fe,18,14.16,ON,true,true,0.003577
412,GATE,polygon,LILLIUS,LLT,0x0DdE4811C4DD68Dc740A1D7997F33fF46CD186a9,18,55.35,ON,true,true,0.000895
413,GATE,polygon,Forest Knight,KNIGHT,0x4455ef8b4b4a007a93daa12de63a47eeac700d9d,18,30.48,OFF,false,true,
414,GATE,polygon,Legends of Elysium,LOE,0x8b78927048de67b9e8c8F834359F15C3822eD871,18,20.76,ON,true,true,0.002379
415,GATE,polygon,WiFi Map,WIFI,0xE238Ecb42C424E877652AD82d8A939183A04C35f,18,13.15,ON,true,true,0.003929
416,GATE,polygon,Orion Money,ORION,0x5E0294Af1732498C77F8dB015a2d52a76298542B,18,0,ON,false,false,0.0006231
417,GATE,polygon,Bloktopia,BLOK,0x229b1b6c23ff8953d663c4cbb519717e323a0a84,18,233.75,ON,true,true,0.0002056
418,GATE,polygon,iMe Lab,LIME,0x7f67639Ffc8C93dD558d452b8920b28815638c44,18,0,ON,false,false,0.011039
419,GATE,polygon,Wistaverse,WISTA,0xb7042c40de76cfc607ac05e68f9c28a778f0c8a6,18,108.95,OFF,false,true,
420,GATE,polygon,OX_OLD3,OX_OLD3,0x78a0A62Fba6Fb21A83FE8a3433d44C73a4017A6f,18,0.868,OFF,true,true,
421,GATE,polygon,Quickswap,QUICK,0xB5C064F955D8e7F38fE0460C556a72987494eE17,18,1.98,ON,true,true,0.02619
422,GATE,polygon,SNPT,SNPT,0x22737f5Bbb7C5b5BA407b0c1C9a9cdf66CF25D7d,18,4.07,ON,true,true,0.011179
423,GATE,polygon,Phantom of the Kill,OSHI,0x09cad96bc28f55e9253cfb9a84a3a1ab79061e54,18,2.25,ON,true,true,0.022404
424,GATE,polygon,My Lovely Coin,MLC,0x0566c506477cd2d8df4e0123512dbc344bd9d111,18,0.146,ON,true,true,0.3226
425,GATE,polygon,Metaland Shares,MLS,0xb886b4e041bb8b841AeA5cc983AF756283a8d36D,18,1697.22,OFF,false,true,
426,GATE,polygon,PERI Finance,PERI,0xdc0e17eae3b9651875030244b971fa0223a1764f,18,48.54,OFF,false,true,
427,GATE,polygon,UDAO,UDAO,0x433cCeBC95ad458E74d81837Db0D4aa27e30E117,18,0.405,ON,true,true,0.11597
428,GATE,polygon,Mobius,MOT,0x2db0Db271a10661e7090b6758350E18F6798a49D,18,124.01,ON,true,true,0.0003912
429,GATE,polygon,Miracle Play,MPT,0x87d6f8edeccbcca766d2880d19b2c3777d322c22,18,5.03,ON,true,true,0.01028
430,GATE,polygon,MSQUARE,MSQ,0x6A8Ec2d9BfBDD20A7F5A4E89D640F7E7cebA4499,18,0.00451,ON,true,true,10.923
431,GATE,polygon,MetaSoccer Universe,MSU,0xe8377a076adabb3f9838afb77bee96eac101ffb1,18,327.55,OFF,false,false,
432,GATE,polygon,Multi Universe Central,MUC,0x03B92EBF0615D44D8C782C209E4405b74cb77D1d,18,227.58,OFF,false,true,
433,GATE,polygon,Trakx,TRKX,0x61bf130d973D59c69d3227f1668d534d83119860,18,41.25,ON,true,true,0.001188
434,GATE,polygon,Soil,SOIL,0x43C73b90E0C2A355784dCf0Da12f477729b31e77,18,0.249,ON,true,true,0.1897
435,GATE,polygon,MATICZKETH,MATICZKETH,,,0.0000109,OFF,true,true,
436,GATE,polygon,Tamadoge,TAMA,0xc61f39418cd27820b5D4E9Ba4a7197eefAEB8b05,18,10508.62,OFF,false,true,
437,GATE,polygon,Dtec,DTEC,0xd87aF7B418d64FF2cdE48d890285bA64fc6E115F,18,2.76,ON,true,true,0.01982
438,GATE,polygon,Swash,SWASH,0xbA3CB8329D442E6F9Eb70fafe1E214251df3D275,18,16.59,ON,true,true,0.002818
439,GATE,polygon,Polymesh,POLYX,,,0.371,ON,true,true,0.1275
440,GATE,polygon,Neopin,NPT,0x306ee01a6bA3b4a8e993fA2C1ADC7ea24462000c,18,0.0407,OFF,false,true,
441,GATE,polygon,Galaxy Fight Club,GCOIN,0x071AC29d569a47EbfFB9e57517F855Cb577DCc4C,18,30.49,ON,true,true,0.001587
442,GATE,polygon,Nexus Dubai,NXD,0x228b5C21ac00155cf62c57bcc704c0dA8187950b,18,15337.42,OFF,false,true,
443,GATE,polygon,Infinity Skies,ISKY,0x5DFD5edFde4d8EC9e632dCA9d09Fc7E833f74210,18,66.53,OFF,false,true,
444,GATE,polygon,BITBOARD,BITBOARD,0x4f7cc8ef14f3dc76ee2fb60028749e1b61cea162,18,10.72,ON,true,true,0.0046557
445,GATE,polygon,GMEE_OLD2,GMEE_OLD2,0xcf32822ff397Ef82425153a9dcb726E5fF61DCA7,18,0,OFF,false,false,
446,GATE,polygon,o-mee token,OME,0x8e0232183fda2932a04601eaddaf90191e2bdfcd,18,8111.62,OFF,false,true,
447,GATE,polygon,Nakamoto Games,NAKA,0x311434160d7537be358930def317afb606c0d737,18,0.154,ON,true,true,0.3033
448,GATE,polygon,Kaizen.Finance,KZEN,0x4550003152F12014558e5CE025707E4DD841100F,18,97.85,ON,true,true,0.0005039
449,GATE,polygon,Cros World,CROS,0x70E05a930baB8c3Bf24b2B182aF3f857D19377ef,18,169.26,ON,true,true,0.000283
450,GATE,polygon,DUST Protocol,DUST,0x4987A49C253c38B3259092E9AAC10ec0C7EF7542,9,5.92,OFF,false,true,
451,GATE,polygon,Deroute AI,ORB,0x20C750C57C3bc5145aF4b7a33d4fB66A8E79FE05,18,1009.69,OFF,false,true,
452,GATE,polygon,PolyDoge,POLYDOGE,0x8a953cfe442c5e8855cc6c61b1293fa648bae472,18,10568590.15,ON,true,true,4.577e-9
453,GATE,polygon,ITSBLOC,ITSB,0x998013798440d44C1dD4c767bdD9580E16E46e28,18,20833.33,OFF,false,true,
454,GATE,polygon,Kasta,KASTA,0x235737dbb56e8517391473f7c964db31fa6ef280,18,4.89,ON,true,true,0.01033
455,GATE,polygon,NASDEX,NSDX,0xe8d17b127ba8b9899a160d9a07b69bca8e08bfc6,18,7.97,ON,true,true,0.006573
456,GATE,polygon,ReelToken,REELT,0x19ccfe396006ffe7a92ab667b0ef90ce61b66f9f,8,0.714,OFF,false,true,
457,GATE,polygon,Polygon Ecosystem Token,POL,,,0.173,ON,true,true,0.2858
458,GATE,polygon,X Protocol,POT,0xbcb98d98704fce7abda63bf733af2a9e28c161c8,8,90.91,OFF,false,true,
459,GATE,polygon,Deus Finance,DEUS,0xDE5ed76E7c05eC5e4572CfC88d1ACEA165109E44,18,0.0228,OFF,false,true,
460,GATE,polygon,Ideaology,IDEA,0xa26df7f21d752bcd3a413ba496485d87d65eef8f,18,1359.06,ON,true,true,0.00003431
461,GATE,polygon,DeHorizon,DEVT,0x17D9dd3F1f1E2E5F723edd26Ebc14d042A4125b0,18,0.161,OFF,false,true,
462,GATE,polygon,Playermon,PYM,0x0bd49815ea8e2682220bcb41524c0dd10ba71d41,18,94.39,ON,true,true,0.0004986
463,GATE,polygon,Vulcan Forged,PYR,0x430ef9263e76dae63c84292c3409d61c598e9682,18,0.049,ON,true,true,1.0217
464,GATE,polygon,SPONGE,SPONGE,0x53dF32548214f51821CF1Fe4368109ac5DdeA1Ff,18,76.69,OFF,false,true,
465,GATE,polygon,Pine Token,PINE,0x612D833c0c7A54cdfBe9a4328B6d658020563Ec0,18,19.06,ON,true,true,0.002619
466,GATE,polygon,SAVAGE,SAVG,0x981aecc6eb4d382b96a02b75e931900705e95a31,18,1543.21,OFF,false,true,
467,GATE,polygon,Animal Concerts,ANML,0xecc4176b90613ed78185f01bd1e42c5640c4f09d,18,1853.91,ON,true,true,0.00002569
468,GATE,polygon,Paparazzi Token,PAPARAZZI,0x7b43e83a5c5d60a7b8886b4205ace88d1f4e2803,18,21.53,ON,true,true,0.0023585
469,GATE,polygon,ChainPort,PORTX,0x189586b5f6317538ae50c20a976597Da38984A24,18,70.2,ON,true,true,0.0007222
470,GATE,polygon,Pigcoin,PIGCOIN,0xe9bC9AD74CCa887Aff32ba09a121B1256fC9f052,18,517812.76,OFF,false,true,
471,GATE,polygon,Across Protocol,ACX,0xF328b73B6c685831F238c30a23Fc19140CB4D8FC,18,0.367,ON,true,true,0.13806
472,GATE,polygon,Art de Finance,ADF,0x6bd10299f4f1d31b3489dc369ea958712d27c81b,18,2950.9,OFF,false,true,
473,GATE,polygon,Aether Games,AEG,0xE3f2b1B2229C0333Ad17D03F179b87500E7C5e01,18,113.33,ON,true,true,0.0004444
474,GATE,polygon,Aki Network,AKI,0x1A7e49125a6595588c9556f07a4c006461b24545,18,26.14,ON,true,true,0.001803
475,GATE,polygon,Akiverse,AKV,0x659e79849ed57fa5b2a336cdd03a4d9586a0e36a,18,2.6,ON,true,true,0.019544
476,GATE,polygon,Polytrade,TRADE,0x692AC1e363ae34b6B489148152b12e2785a3d8d6,18,0.426,ON,true,true,0.1186
477,GATE,polygon,ALUNA,ALN,0xa8fcee762642f156b5d757b6fabc36e06b6d4a1a,18,236.07,OFF,false,true,
478,GATE,polygon,Captain Tsubasa,TSUGT,0x70e29b7e036b14d496431b77e0b6eb0008be6165,8,151.15,ON,true,true,0.0003286
479,GATE,polygon,BADMAD ROBOTS,METALDR,0x200C234721b5e549c3693CCc93cF191f90dC2aF9,18,197.08,ON,true,true,0.0002414
480,GATE,polygon,reBaked,BAKED,0x32515ffdc3a84cfbf9ad4db14ef8f0a535c7afd6,18,102.19,ON,true,true,0.0005265
481,GATE,polygon,Stobox,STBU,0xcf403036bc139d30080D2Cf0F5b48066F98191bB,18,3.75,ON,true,true,0.012229
482,GATE,polygon,Permission Coin,ASK,0xaA3717090CDDc9B227e49d0D84A28aC0a996e6Ff,18,359.61,ON,true,true,0.00014866
483,GATE,polygon,AttackWagon,ATK,0xf868939ee81f04f463010bc52eab91c0839ef08c,18,104.17,ON,true,true,0.00048999
484,GATE,polygon,Abyss World Token,AWT,0x0c705862f56cD8eC70337F5f5184feA4158a3c00,18,3107.71,ON,false,true,0.000015931
485,GATE,polygon,ArtMeta,MART,0xDcfF29b7bd211Aaef6E4a3989e4d3F732cF5b4b6,18,10.21,ON,true,true,0.004541
486,GATE,polygon,BAG,BAG,0x73b29199a8e4C146E893EB95f18dAc41738a88c6,18,380.87,ON,true,true,0.00013311
487,GATE,polygon,Standard,STND,0x08BE454de533509e8832B257116C5506E55b0b64,18,15.3,ON,true,true,0.00309
488,KUCOIN,polygon,TRIAS,TRIAS,0x0d5ea33c2540a3071d8770f8ffee9817d0624e7d,18,0.2,OFF,false,false,
489,KUCOIN,polygon,IDEA,IDEA,0xa26df7f21d752bcd3a413ba496485d87d65eef8f,18,8000,ON,true,true,0.000035
490,KUCOIN,polygon,RNDR,RNDR,0x61299774020da444af134c82fa83e3810b309991,18,0.1,OFF,false,false,
491,KUCOIN,polygon,PDEX,PDEX,,,2,OFF,false,false,
492,KUCOIN,polygon,POLX,POLX,0x187ae45f2d361cbce37c6a8622119c91148f261b,18,150000,OFF,false,false,
493,KUCOIN,polygon,MATIC,MATIC,,,1,OFF,false,false,
494,KUCOIN,polygon,BURP,BURP,0x538d47d142f6993038a667e9d6210d3735749b36,18,100,OFF,false,false,
495,KUCOIN,polygon,IXS,IXS,0x1ba17c639bdaecd8dc4aac37df062d17ee43a1b8,18,2,OFF,false,false,
496,KUCOIN,polygon,DINO,DINO,,,30,OFF,false,false,
497,KUCOIN,polygon,BLOK,BLOK,0x229b1b6c23ff8953d663c4cbb519717e323a0a84,18,1598.72,ON,true,true,0.000206
498,KUCOIN,polygon,FLAME,FLAME,0x22e3f02f86bc8ea0d73718a2ae8851854e62adc5,18,350,ON,true,true,0.0039374
499,KUCOIN,polygon,NAKA,NAKA,0x311434160d7537be358930def317afb606c0d737,18,1.67,ON,true,true,0.3037
500,KUCOIN,polygon,QUICK,QUICK,0xb5c064f955d8e7f38fe0460c556a72987494ee17,18,20.92,ON,true,true,0.02632
501,KUCOIN,polygon,TRADE,TRADE,0x692ac1e363ae34b6b489148152b12e2785a3d8d6,18,3.43,ON,true,true,0.1185
502,KUCOIN,polygon,H3RO3S,H3RO3S,0x480fd103973357266813ecfce9faababf3c4ca3a,18,300,OFF,false,false,
503,KUCOIN,polygon,BULL,BULL,0x9f95e17b2668afe01f8fbd157068b0a4405cc08d,18,483.48,ON,true,true,0.000776
504,KUCOIN,polygon,UPO,UPO,0x9dbfc1cbf7a1e711503a29b4b5f9130ebeccac96,18,65.24,ON,true,true,0.00552
505,KUCOIN,polygon,VOXEL,VOXEL,0xd0258a3fd00f38aa8090dfee343f10a9d4d30d3f,18,15.54,ON,true,true,0.0551
506,KUCOIN,polygon,MV,MV,0xa3c322ad15218fbfaed26ba7f616249f7705d945,18,72,ON,true,true,0.00878
507,KUCOIN,polygon,FCD,FCD,0xf78610d0a197842bf98ca45254897edd13c5d182,18,5,OFF,false,false,
508,KUCOIN,polygon,MLS,MLS,0xb886b4e041bb8b841aea5cc983af756283a8d36d,18,1100,OFF,false,false,
509,KUCOIN,polygon,WOMBAT,WOMBAT,0x0c9c7712c83b3c70e7c5e11100d33d9401bdf9dd,18,1000,OFF,false,false,
510,KUCOIN,polygon,STEPWATCH,STEPWATCH,0xabede05598760e399ed7eb24900b30c51788f00f,18,800,OFF,false,false,
511,KUCOIN,polygon,BEAT,BEAT,0xb78cf9ac0f47f1d69cba861deda29814d285c834,18,3000,ON,false,true,0.00019
512,KUCOIN,polygon,GNS,GNS,0xe5417af564e4bfda1c483642db72007871397896,18,0.35,ON,true,true,2.168
513,KUCOIN,polygon,RLTM,RLTM,0x1b396cf90504686b7ede2760eebb053d30d1f389,18,30,OFF,false,false,
514,KUCOIN,polygon,TSUGT,TSUGT,0x70e29b7e036b14d496431b77e0b6eb0008be6165,8,800,ON,true,true,0.0003224
515,KUCOIN,polygon,CANDY,CANDY,0x32043520205367a68b527881fa594bbc714f80ec,8,1000,OFF,false,false,
516,KUCOIN,polygon,POL,POL,,,2.92,ON,true,true,0.2855
517,KUCOIN,polygon,POLYX,POLYX,,,4.37,ON,true,true,0.1275
518,KUCOIN,polygon,FIRE,FIRE,0x838c9634de6590b96aeadc4bc6db5c28fd17e3c2,18,150,ON,false,true,0.00283
519,KUCOIN,polygon,AEG,AEG,0xe3f2b1b2229c0333ad17d03f179b87500e7c5e01,18,600,ON,true,true,0.00044
520,KUCOIN,polygon,WSDM,WSDM,0x5f2f8818002dc64753daedf4a6cb2ccb757cd220,6,300,ON,true,true,0.001019
521,KUCOIN,polygon,NEXG,NEXG,0xaf0dc42725db75ae54f5e8945e71017bc7acd27d,18,1000,OFF,false,false,
522,KUCOIN,polygon,RMV,RMV,0xf0949dd87d2531d665010d6274f06a357669457a,18,164.07,ON,true,true,0.002677
523,KUCOIN,polygon,CROS,CROS,0x70e05a930bab8c3bf24b2b182af3f857d19377ef,18,900,ON,false,false,0.0002822
524,KUCOIN,polygon,TEL,TEL,0xdf7837de1f2fa4631d716cf2502f8b230f1dcc32,2,118.89,ON,true,false,0.004974
525,KUCOIN,polygon,USDC,USDC,1337,,1,ON,true,true,0.9997
526,KUCOIN,polygon,USDT,USDT,1984,,1,OFF,true,true,
527,BITGET,polygon,USDT,USDT,0xc2132d05d31c914a87c6611c10748aeb04b58e8f,6,0.2,OFF,true,true,
528,BITGET,polygon,CROS,CROS,0x70e05a930bab8c3bf24b2b182af3f857d19377ef,18,0,OFF,false,false,
529,BITGET,polygon,DIMO,DIMO,0xe261d618a959afffd53168cd07d12e37b26761db,18,12.18027,OFF,false,true,
530,BITGET,polygon,TSUGT,TSUGT,0x70e29b7e036b14d496431b77e0b6eb0008be6165,8,645.5778,OFF,false,true,
531,BITGET,polygon,FIRE,FIRE,0x838c9634de6590b96aeadc4bc6db5c28fd17e3c2,18,75.13149,OFF,false,true,
532,BITGET,polygon,GLTR,GLTR,0x3801c3b3b5c98f88a9c9005966aa96aa440b9afc,18,26816.84098,OFF,false,false,
533,BITGET,polygon,GCAKE,GCAKE,0x61d5822dd7b3ed495108733e6550d4529480c8f6,18,1287001.28701,OFF,false,true,
534,BITGET,polygon,SUIBG,SUIBG,0xf53343233359e700e83ba797f3b9d0d7dfd27138,18,0.1,OFF,false,false,
535,BITGET,polygon,BLOK,BLOK,0x229b1b6c23ff8953d663c4cbb519717e323a0a84,18,200,OFF,false,true,
536,BITGET,polygon,REELT,REELT,0x19ccfe396006ffe7a92ab667b0ef90ce61b66f9f,8,43.33507,OFF,false,false,
537,BITGET,polygon,KNOT,KNOT,0xb763f1177e9b2fb66fbe0d50372e3e2575c043e5,18,69.09,OFF,false,false,
538,BITGET,polygon,NESS,NESS,0x6eaea1ed457e06f8cf6ee7adf34e621844c3b0fc,18,20.12073,ON,true,true,0.04971
539,BITGET,polygon,VEXT,VEXT,0x27842334c55c01ddfe81bf687425f906816c5141,18,241.5459,OFF,false,true,
540,BITGET,polygon,MV,MV,0xa3c322ad15218fbfaed26ba7f616249f7705d945,18,102.66941,OFF,false,true,
541,BITGET,polygon,TRIAS,TRIAS,0x0d5ea33c2540a3071d8770f8ffee9817d0624e7d,18,0.84531,OFF,false,true,
542,BITGET,polygon,LZBG,LZBG,0xd424e06c39d87f12cea0b39418c7f1affcf95f9d,18,2,OFF,true,true,
543,BITGET,polygon,RMV,RMV,0xf0949dd87d2531d665010d6274f06a357669457a,18,318.47134,OFF,false,true,
544,BITGET,polygon,FMBC,FMBC,0x42a117208255421f76a117785fd1f4377cbb4ec9,18,10101.01011,OFF,false,false,
545,BITGET,polygon,AWT,AWT,0x0c705862f56cd8ec70337f5f5184fea4158a3c00,18,4466.27959,OFF,false,true,
546,BITGET,polygon,GMT,GMT,0x714db550b574b3e927af3d93e26127d15721d4c2,8,0.39,ON,true,true,0.041
547,BITGET,polygon,POLYDOGE,POLYDOGE,0x8a953cfe442c5e8855cc6c61b1293fa648bae472,18,1075962986.88,OFF,false,false,
548,BITGET,polygon,TEL,TEL,0xdf7837de1f2fa4631d716cf2502f8b230f1dcc32,2,204.70829069,ON,true,true,0.004969
549,BITGET,polygon,NXD,NXD,0x228b5c21ac00155cf62c57bcc704c0da8187950b,18,625,OFF,false,false,
550,BITGET,polygon,DAI,DAI,0x8f3cf7ad23cd3cadbd9735aff958023239c6a063,18,0.21,ON,true,true,0.9997
551,BITGET,polygon,QUICK,QUICK,0xb5c064f955d8e7f38fe0460c556a72987494ee17,18,114.77,ON,true,true,0.02619
552,BITGET,polygon,USDC,USDC,0x3c499c542cef5e3811e1192ce70d8cc03d5c3359,6,0.64,ON,true,true,0.9998
553,BITGET,polygon,EARNM,EARNM,0xaeb3dd897ade187b9f9e4c491bc7a81f69f7093e,18,1792.11469535,ON,true,true,0.000559
554,BITGET,polygon,LOE,LOE,0x8b78927048de67b9e8c8f834359f15c3822ed871,18,77.04161,OFF,false,true,
555,BITGET,polygon,SML,SML,0xfcb54da3f4193435184f3f647467e12b50754575,8,3355.7047,OFF,false,true,
556,BITGET,polygon,TOWER,TOWER,0x2bc07124d8dac638e290f401046ad584546bc47b,18,103.69142,OFF,true,false,
557,BITGET,polygon,CRETA,CRETA,0x202655af326de310491cb54f120e02ee0da92b55,18,27.6243094,ON,true,true,0.00368
558,BITGET,polygon,CBK,CBK,0x4ec203dd0699fac6adaf483cdd2519bc05d2c573,18,1.91022,ON,true,true,0.5209
559,BITGET,polygon,WOMBAT,WOMBAT,0x0c9c7712c83b3c70e7c5e11100d33d9401bdf9dd,18,527.43,OFF,false,false,
560,BITGET,polygon,IXT,IXT,0xe06bd4f5aac8d0aa337d13ec88db6defc6eaeefe,18,1.44,OFF,false,false,
561,BITGET,polygon,AXL,AXL,0x6e4e624106cb12e168e6533f8ec7c82263358940,6,3.404256,ON,true,true,0.3038
562,BITGET,polygon,WSDM,WSDM,0x5f2f8818002dc64753daedf4a6cb2ccb757cd220,6,611.6208,OFF,false,true,
563,BITGET,polygon,ZRO,ZRO,0x6985884c4392d348587b19cb9eaaf157f13271cd,18,0.54914882,ON,true,true,1.823
564,BITGET,polygon,WUSD,WUSD,0x7cd017ca5ddb86861fa983a34b5f495c6f898c41,18,0.99980004,ON,false,false,1
565,BITGET,polygon,POLYX,POLYX,,,1,ON,true,true,0.1277
566,BITGET,polygon,POL,POL,,,0.08,ON,true,true,0.2855
567,BITGET,polygon,NEXG,NEXG,0xaf0dc42725db75ae54f5e8945e71017bc7acd27d,18,302.11480363,OFF,false,true,
568,BITGET,polygon,TRC,TRC,0x40d9fc77027a281d85de1fa660c887e645ae26c3,2,3401.36055,OFF,false,true,
569,BITGET,polygon,ADF,ADF,0x6bd10299f4f1d31b3489dc369ea958712d27c81b,18,2824.85876,OFF,false,true,
570,BITGET,polygon,NAKA,NAKA,0x311434160d7537be358930def317afb606c0d737,18,3.29707,ON,true,true,0.3031
571,BITGET,polygon,CRE,CRE,0xe81432473290f4ffcfc5e823f8069db83e8a677b,18,267.37968,OFF,false,false,
572,BITGET,polygon,MATICUSDCE,MATICUSDCE,0x2791bca1f2de4661ed88a30c99a7a9449aa84174,6,0.1,OFF,true,true,
573,BITGET,polygon,VOXEL,VOXEL,0xd0258a3fd00f38aa8090dfee343f10a9d4d30d3f,18,18.14883,ON,true,true,0.0552
574,BITGET,polygon,CVTX,CVTX,0x40f97ec376ac1c503e755433bf57f21e3a49f440,18,518.94136,OFF,false,true,
575,BITGET,polygon,SWCH,SWCH,0x3ce1327867077b551ae9a6987bf10c9fd08edce1,18,5.08131,ON,true,true,0.1943
576,BITGET,polygon,OVL3,OVL3,0x7c6c69bafbe40b2c76a25dcdf9854c77f086e2c6,18,2272.72728,OFF,false,true,
577,BITGET,polygon,KOM,KOM,0xc004e2318722ea2b15499d6375905d75ee5390b8,8,909.1,OFF,false,true,
578,BITGET,polygon,GNS,GNS,0xe5417af564e4bfda1c483642db72007871397896,18,0.1,ON,true,true,2.188
579,BITGET,polygon,DOT,DOT,,,0.05,ON,true,false,3.79
580,BITGET,polygon,DTEC,DTEC,0xd87af7b418d64ff2cde48d890285ba64fc6e115f,18,50.99439062,ON,true,true,0.01973
581,BITGET,polygon,MAX,MAX,0xbed0b9240bdbcc8e33f66d2ca650a5ef60a5bab0,18,84.81764207,ON,true,false,0.01179
582,BYBIT,polygon,AEG,AEG,0xE3f2b1B2229C0333Ad17D03F179b87500E7C5e01,18,10,OFF,false,false,
583,BYBIT,polygon,AKI,AKI,0x1A7e49125a6595588c9556f07a4c006461b24545,18,20,ON,false,false,0.001811
584,BYBIT,polygon,BCUT,BCUT,0x3fb83A9A2c4408909c058b0BfE5B4823f54fAfE2,18,1,ON,false,false,0.01491
585,BYBIT,polygon,BRZ,BRZ,0x4eD141110F6EeeAbA9A1df36d8c26f684d2475Dc,18,1,OFF,false,false,
586,BYBIT,polygon,BRZOLD,BRZOLD,0x491a4eB4f1FC3BfF8E1d2FC856a6A46663aD556f,4,1,OFF,false,false,
587,BYBIT,polygon,CANDY,CANDY,0x32043520205367a68b527881fA594Bbc714f80ec,8,1,OFF,false,false,
588,BYBIT,polygon,CBK,CBK,0x4EC203dD0699Fac6adAF483CDd2519BC05D2c573,18,1,ON,false,false,0.5238
589,BYBIT,polygon,COT,COT,0x8d520c8e66091cfd6743fe37fbe3a09505616c4b,18,5,OFF,false,false,
590,BYBIT,polygon,DEFY,DEFY,0xBF9f916bBda29A7F990F5F55c7607D94D7C3A60b,18,1,OFF,false,false,
591,BYBIT,polygon,DSRUN,DSRUN,0xFf76c0B48363A7C7307868a81548d340049b0023,18,3,OFF,false,false,
592,BYBIT,polygon,FAR,FAR,0x5f32abeebd3c2fac1e7459a27e1ae9f1c16cccca,18,100,OFF,false,false,
593,BYBIT,polygon,FIRE,FIRE,0x838C9634dE6590B96aEadC4Bc6DB5c28Fd17E3C2,18,5,OFF,false,false,
594,BYBIT,polygon,GCAKE,GCAKE,0x61D5822DD7b3Ed495108733e6550d4529480C8F6,18,100000,OFF,false,false,
595,BYBIT,polygon,GMT,GMT,0x714DB550b574b3E927af3D93E26127D15721D4C2,8,13,ON,false,false,0.04104
596,BYBIT,polygon,KASTA,KASTA,0x235737dBb56e8517391473f7c964DB31fA6ef280,18,0.25,ON,false,false,0.01032
597,BYBIT,polygon,MATIC,MATIC,,,0.1,OFF,false,false,
598,BYBIT,polygon,MEE,MEE,0xEB7eaB87837f4Dad1bb80856db9E4506Fc441f3D,18,10,ON,false,false,0.005484
599,BYBIT,polygon,MOJO,MOJO,0xeD2d13A70acbD61074fC56bd0d0845e35f793e5E,18,3,OFF,false,false,
600,BYBIT,polygon,MV,MV,0xA3c322Ad15218fBFAEd26bA7f616249f7705D945,18,2,ON,false,false,0.008784
601,BYBIT,polygon,NAKA,NAKA,0x311434160D7537be358930def317AfB606C0D737,18,1,ON,false,false,0.3025
602,BYBIT,polygon,NESS,NESS,0x6eaEA1ED457E06F8CF6eE7Adf34e621844c3b0Fc,18,1,OFF,false,false,
603,BYBIT,polygon,POL,POL,,,0.2,ON,false,false,0.2856
604,BYBIT,polygon,ROND,ROND,0x204820B6e6FEae805e376D2C6837446186e57981,18,1,OFF,false,false,
605,BYBIT,polygon,TAMA,TAMA,0xc61f39418cd27820b5D4E9Ba4a7197eefAEB8b05,18,0,OFF,false,false,
606,BYBIT,polygon,TRC,TRC,0x40d9fc77027A281d85de1fa660C887E645AE26C3,2,3,ON,false,false,0.0001819
607,BYBIT,polygon,USDC,USDC,0x3c499c542cef5e3811e1192ce70d8cc03d5c3359,6,1,ON,false,false,0.9998
608,BYBIT,polygon,USDT,USDT,0xc2132d05d31c914a87c6611c10748aeb04b58e8f,6,1,OFF,false,false,
609,BYBIT,polygon,VEXT,VEXT,0x27842334C55c01DDFE81Bf687425F906816c5141,18,1,OFF,false,false,
610,BYBIT,polygon,ZRO,ZRO,0x6985884C4392D348587B19cb9eAAf157F13271cd,18,0,ON,false,false,1.823
611,INDODAX,polygon,Ape and Pepe,APEPE,0xa3f751662e282e83ec3cbc387d225ca56dd63d3a,18,0,OFF,,,
612,INDODAX,polygon,GID,GID,,,0,ON,,,1623491
613,INDODAX,polygon,IDX,IDX,,,0,ON,,,1.002
614,INDODAX,polygon,Polygon Ecosystem Token,POL,0x0000000000000000000000000000000000001010,18,0,ON,,,4705
615,INDODAX,polygon,USDCoin,USDC,0x3c499c542cef5e3811e1192ce70d8cc03d5c3359,6,0,ON,,,16497
616,INDODAX,polygon,Tether,USDT,0xc2132d05d31c914a87c6611c10748aeb04b58e8f,6,0,ON,,,16507
617,INDODAX,polygon,Voxies,VOXEL,0xd0258a3fd00f38aa8090dfee343f10a9d4d30d3f,18,0,ON,,,898